,index,Baseline: People Moving,Crisis: People Moving,x0,y0,x1,y1
0,8086,29.666666666667,82,62.788086,8.425543,62.963867,8.425543
1,8087,22.333333333333,69,62.788086,8.425543,62.963867,8.509829
2,8088,11.0,43,62.788086,8.425543,62.963867,8.594076
3,8089,11.0,30,62.788086,8.425543,63.051758,8.678289
4,8091,12.0,31,62.788086,8.425543,63.13965,8.425543
5,8092,14.0,23,62.788086,8.425543,63.22754,8.256863
6,8093,21.333333333333,43,62.788086,8.425543,63.31543,8.172468
7,8094,14.0,36,62.788086,8.425543,63.49121,8.425543
8,8095,14.0,22,62.788086,8.425543,63.666992,8.0880375
9,8119,16.666666666667,45,62.788086,9.350634,62.963867,9.350634
10,8154,31.666666666667,60,62.788086,9.434505,62.963867,9.350634
11,8155,20.333333333333,46,62.788086,9.434505,62.963867,9.098787
12,8156,16.666666666667,31,62.788086,9.434505,62.963867,9.182774
13,8157,14.0,29,62.788086,9.434505,62.963867,9.266724
14,8158,16.666666666667,24,62.788086,9.434505,62.963867,9.434505
15,8159,23.333333333333,45,62.788086,9.434505,62.963867,9.518339
16,8160,10.333333333333,21,62.788086,9.434505,62.963867,9.602135
17,8161,22.333333333333,39,62.788086,9.434505,63.051758,9.098787
18,8162,11.0,34,62.788086,9.434505,63.051758,9.350634
19,8163,20.333333333333,38,62.788086,9.434505,63.13965,9.350634
20,8164,12.0,21,62.788086,9.434505,63.22754,9.434505
21,8165,14.666666666666998,32,62.788086,9.434505,63.22754,9.68589
22,8167,12.0,31,62.788086,9.434505,64.106445,9.182774
23,8254,76.480805034891,163,62.875977,8.425543,62.963867,8.425543
24,8255,59.8,137,62.875977,8.425543,62.963867,8.509829
25,8256,10.333333333333,27,62.875977,8.425543,62.963867,8.341221
26,8257,21.333333333333,60,62.875977,8.425543,62.963867,8.594076
27,8258,15.666666666666998,52,62.875977,8.425543,63.051758,8.425543
28,8259,15.666666666666998,39,62.875977,8.425543,63.051758,8.509829
29,8260,21.333333333333,25,62.875977,8.425543,63.13965,8.425543
30,8261,11.0,23,62.875977,8.425543,63.22754,8.256863
31,8262,14.666666666666998,31,62.875977,8.425543,63.31543,8.172468
32,8265,16.666666666667,48,62.875977,8.9307,62.963867,8.9307
33,8270,35.333333333333,68,62.875977,9.68589,62.963867,9.68589
34,8271,14.666666666666998,23,62.875977,9.68589,62.963867,9.769608
35,8272,12.933333333333001,10,62.875977,9.68589,63.051758,9.68589
36,8305,10.333333333333,20,62.875977,8.509829,62.963867,8.509829
37,8311,10.333333333333,12,62.875977,8.678289,62.963867,8.678289
38,8312,25.0,20,62.875977,8.678289,62.963867,8.762463
39,8316,12.0,40,62.875977,9.098787,62.963867,9.098787
40,8322,14.666666666666998,26,62.875977,9.266724,62.963867,9.182774
41,8323,16.666666666667,35,62.875977,9.266724,62.963867,9.266724
42,8328,12.0,46,62.875977,9.350634,62.963867,9.350634
43,8350,10.333333333333,30,62.963867,9.014763,62.963867,9.098787
44,8373,11.0,30,62.963867,8.425543,62.963867,8.509829
45,8377,11.0,27,62.963867,8.509829,62.963867,8.594076
46,8383,14.0,43,62.963867,9.098787,62.963867,9.014763
47,8384,32.666666666667,82,62.963867,9.098787,62.963867,9.182774
48,8385,44.0,108,62.963867,9.098787,63.051758,9.098787
49,8387,15.666666666666998,31,62.963867,9.182774,62.963867,9.098787
50,8388,12.0,15,62.963867,9.266724,63.051758,9.266724
51,8405,15.6,25,62.963867,9.602135,62.963867,9.518339
52,8411,13.0,21,63.051758,8.425543,63.051758,8.509829
53,8412,63.0,65,63.051758,8.425543,63.13965,8.425543
54,8458,11.0,31,63.051758,8.678289,62.963867,8.678289
55,8460,14.0,33,63.051758,8.678289,63.051758,8.8466
56,8461,30.666666666667,88,63.051758,8.678289,63.051758,8.762463
57,8462,34.333333333333,82,63.051758,8.678289,63.13965,8.678289
58,8463,20.333333333333,38,63.051758,8.678289,63.13965,8.762463
59,8466,12.0,31,63.051758,9.098787,62.963867,9.014763
60,8467,80.866666666667,158,63.051758,9.098787,62.963867,9.098787
61,8468,28.666666666667,40,63.051758,9.098787,62.963867,9.182774
62,8469,25.0,59,63.051758,9.098787,63.051758,9.014763
63,8470,11.733333333333,13,63.051758,9.098787,63.051758,8.9307
64,8471,20.333333333333,46,63.051758,9.098787,63.051758,9.182774
65,8472,14.666666666666998,30,63.051758,9.853285,63.13965,9.853285
66,8473,15.666666666666998,24,63.051758,9.936924,62.963867,9.936924
67,8475,12.0,35,63.051758,10.020523,62.963867,10.020523
68,8476,16.666666666667,24,63.051758,10.020523,63.051758,10.104082
69,8506,43.0,38,63.051758,8.762463,63.051758,8.678289
70,8507,14.133333333333,26,63.051758,8.762463,63.13965,8.762463
71,8508,10.333333333333,27,63.051758,9.182774,63.051758,9.098787
72,8509,14.666666666666998,43,63.051758,9.350634,63.13965,9.350634
73,8510,13.0,48,63.051758,10.93746,63.051758,10.854305
74,8511,15.666666666666998,36,63.051758,10.93746,63.13965,10.93746
75,8523,28.666666666667,39,63.13965,8.509829,63.13965,8.594076
76,8525,14.666666666666998,48,63.13965,8.678289,63.051758,8.678289
77,8575,10.333333333333,25,63.13965,9.350634,62.963867,9.350634
78,8576,20.333333333333,31,63.13965,9.350634,63.051758,9.434505
79,8578,45.0,91,63.13965,9.350634,63.051758,9.350634
80,8579,21.333333333333,27,63.13965,9.350634,63.13965,9.266724
81,8580,20.333333333333,28,63.13965,9.350634,63.13965,9.434505
82,8581,14.6,16,63.13965,9.350634,63.13965,9.182774
83,8582,24.0,53,63.13965,9.350634,63.22754,9.350634
84,8583,26.0,35,63.13965,9.350634,63.22754,9.434505
85,8584,21.333333333333,29,63.13965,9.350634,63.22754,9.266724
86,8586,25.0,62,63.13965,10.93746,63.051758,10.93746
87,8587,82.066666666667,237,63.13965,11.435509,63.22754,11.435509
88,8599,16.666666666667,74,63.13965,8.425543,63.051758,8.425543
89,8600,10.333333333333,35,63.13965,8.425543,63.13965,8.341221
90,8605,13.0,30,63.13965,9.68589,63.22754,9.68589
91,8624,10.666666666667,12,63.22754,9.350634,63.22754,9.434505
92,8625,11.0,34,63.22754,9.602135,63.22754,9.68589
93,8627,11.0,38,63.22754,9.769608,63.22754,9.68589
94,8649,19.066666666667,31,63.22754,8.9307,63.13965,8.9307
95,8650,10.333333333333,41,63.22754,8.9307,63.22754,9.014763
96,8651,14.666666666666998,32,63.22754,8.9307,63.31543,8.9307
97,8652,11.0,24,63.22754,9.014763,63.13965,9.014763
98,8653,21.333333333333,48,63.22754,9.014763,63.22754,8.9307
99,8654,11.666666666666998,24,63.22754,9.014763,63.31543,9.014763
100,8655,11.0,33,63.22754,9.434505,63.22754,9.518339
101,8656,19.333333333333,37,63.22754,9.518339,63.22754,9.434505
102,8658,117.06666666667,305,63.22754,11.435509,63.13965,11.435509
103,8659,15.666666666666998,41,63.22754,11.435509,63.22754,11.51837
104,8684,10.266666666667,27,63.22754,9.68589,63.13965,9.769608
105,8685,14.6,15,63.22754,9.68589,63.13965,9.602135
106,8686,33.666666666667,56,63.22754,9.68589,63.13965,9.68589
107,8687,46.0,57,63.22754,9.68589,63.22754,9.602135
108,8688,29.666666666667,48,63.22754,9.68589,63.22754,9.769608
109,8689,13.0,15,63.22754,9.68589,63.22754,9.518339
110,8690,20.333333333333,19,63.22754,9.68589,63.22754,9.853285
111,8691,17.666666666667,20,63.22754,9.68589,63.31543,9.602135
112,8692,39.333333333333,49,63.22754,9.68589,63.31543,9.769608
113,8693,15.666666666666998,16,63.22754,9.68589,63.31543,9.853285
114,8694,55.533333333333,105,63.22754,9.68589,63.31543,9.68589
115,8695,19.066666666667,14,63.22754,9.68589,63.40332,9.853285
116,8696,10.266666666667,10,63.22754,9.68589,63.40332,9.68589
117,8698,10.333333333333,24,63.22754,11.51837,63.22754,11.435509
118,8700,14.666666666666998,28,63.22754,8.594076,63.22754,8.509829
119,8701,14.666666666666998,35,63.22754,8.594076,63.22754,8.678289
120,8702,21.333333333333,34,63.22754,8.594076,63.31543,8.594076
121,8739,11.2,19,63.31543,8.425543,63.22754,8.425543
122,8740,14.666666666666998,35,63.31543,8.425543,63.31543,8.341221
123,8741,14.0,23,63.31543,8.425543,63.40332,8.341221
124,8742,37.333333333333,82,63.31543,8.425543,63.40332,8.425543
125,8743,14.666666666666998,43,63.31543,8.425543,63.49121,8.425543
126,8746,21.333333333333,43,63.31543,8.678289,63.22754,8.678289
127,8747,16.6,24,63.31543,8.678289,63.31543,8.762463
128,8749,10.333333333333,31,63.31543,8.678289,63.31543,8.594076
129,8750,14.666666666666998,34,63.31543,8.678289,63.40332,8.678289
130,8753,10.333333333333,19,63.31543,9.769608,63.22754,9.68589
131,8758,38.333333333333,38,63.31543,10.354521,63.31543,10.271082
132,8806,14.666666666666998,42,63.31543,9.68589,63.22754,9.68589
133,8807,16.6,10,63.31543,10.104082,63.22754,10.104082
134,8808,20.333333333333,59,63.31543,10.271082,63.31543,10.354521
135,8809,10.333333333333,44,63.31543,10.271082,63.40332,10.271082
136,8850,20.333333333333,57,63.40332,8.425543,63.31543,8.425543
137,8851,16.666666666667,38,63.40332,8.425543,63.40332,8.509829
138,8852,12.0,38,63.40332,8.425543,63.40332,8.341221
139,8853,42.0,95,63.40332,8.425543,63.49121,8.425543
140,8857,13.0,24,63.40332,9.434505,63.31543,9.350634
141,8858,15.666666666666998,42,63.40332,9.434505,63.40332,9.518339
142,8859,13.0,34,63.40332,9.434505,63.40332,9.350634
143,8861,37.333333333333,95,63.40332,9.434505,63.49121,9.434505
144,8862,16.666666666667,54,63.40332,9.434505,63.49121,9.518339
145,8864,11.6,16,63.40332,9.602135,63.40332,9.68589
146,8866,11.0,11,63.40332,10.104082,63.40332,10.020523
147,8867,37.333333333333,66,63.40332,10.104082,63.49121,10.104082
148,8878,18.666666666667,34,63.40332,8.9307,63.49121,8.9307
149,8888,12.0,37,63.49121,8.594076,63.49121,8.425543
150,8890,18.466666666667,30,63.49121,8.8466,63.5791,8.8466
151,8892,11.0,31,63.49121,9.350634,63.5791,9.350634
152,8893,28.0,87,63.49121,10.104082,63.40332,10.104082
153,8904,12.0,24,63.49121,8.425543,63.22754,8.256863
154,8905,16.666666666667,35,63.49121,8.425543,63.31543,8.425543
155,8906,17.666666666667,48,63.49121,8.425543,63.31543,8.172468
156,8907,38.333333333333,73,63.49121,8.425543,63.40332,8.509829
157,8908,23.333333333333,44,63.49121,8.425543,63.40332,8.341221
158,8909,104.2,211,63.49121,8.425543,63.40332,8.425543
159,8910,27.0,44,63.49121,8.425543,63.40332,8.594076
160,8911,35.333333333333,52,63.49121,8.425543,63.49121,8.594076
161,8912,106.33333333333,240,63.49121,8.425543,63.49121,8.509829
162,8913,20.333333333333,42,63.49121,8.425543,63.49121,8.678289
163,8914,13.0,28,63.49121,8.425543,63.49121,8.256863
164,8915,42.0,93,63.49121,8.425543,63.49121,8.341221
165,8916,16.666666666667,32,63.49121,8.425543,63.5791,8.256863
166,8917,168.06666666667,356,63.49121,8.425543,63.5791,8.425543
167,8918,74.933333333333,172,63.49121,8.425543,63.5791,8.341221
168,8919,67.2,130,63.49121,8.425543,63.5791,8.509829
169,8920,21.333333333333,36,63.49121,8.425543,63.5791,8.594076
170,8921,27.0,40,63.49121,8.425543,63.666992,8.425543
171,8922,12.0,23,63.49121,8.425543,63.666992,8.0880375
172,8924,17.666666666667,35,63.49121,8.425543,63.666992,8.341221
173,8925,27.0,34,63.49121,8.425543,63.666992,8.509829
174,8926,11.0,22,63.49121,8.425543,63.666992,8.594076
175,8927,10.333333333333,12,63.49121,8.425543,63.754883,8.594076
176,8928,16.666666666667,38,63.49121,8.425543,63.754883,8.678289
177,8929,35.333333333333,107,63.49121,8.509829,63.49121,8.425543
178,8930,14.666666666666998,31,63.49121,8.678289,63.49121,8.425543
179,8931,15.666666666666998,43,63.49121,8.678289,63.5791,8.678289
180,8932,10.933333333333001,20,63.49121,8.678289,63.5791,8.762463
181,8933,13.0,28,63.49121,8.9307,63.40332,8.9307
182,8979,16.133333333333002,14,63.49121,9.434505,63.31543,9.350634
183,8980,20.333333333333,39,63.49121,9.434505,63.40332,9.518339
184,8981,10.0,12,63.49121,9.434505,63.40332,9.350634
185,8982,35.333333333333,69,63.49121,9.434505,63.40332,9.434505
186,8983,11.0,21,63.49121,9.434505,63.49121,9.350634
187,8984,80.933333333333,158,63.49121,9.434505,63.49121,9.518339
188,8985,20.133333333333002,18,63.49121,9.434505,63.5791,9.350634
189,8986,22.333333333333,43,63.49121,9.434505,63.5791,9.434505
190,8987,10.6,21,63.49121,9.518339,63.31543,9.350634
191,8988,17.666666666667,35,63.49121,9.518339,63.40332,9.518339
192,8989,17.666666666667,40,63.49121,9.518339,63.40332,9.434505
193,8990,11.0,13,63.49121,9.518339,63.49121,9.602135
194,8991,77.0,133,63.49121,9.518339,63.49121,9.434505
195,8992,13.0,27,63.49121,9.518339,63.5791,9.434505
196,8994,11.0,39,63.5791,10.43792,63.666992,10.43792
197,9011,13.0,34,63.5791,9.266724,63.666992,9.266724
198,9035,87.2,183,63.5791,8.425543,63.49121,8.425543
199,9038,12.0,38,63.5791,8.9307,63.666992,8.9307
200,9039,22.333333333333,44,63.5791,9.602135,63.49121,9.602135
201,9056,28.666666666667,69,63.5791,8.509829,63.49121,8.425543
202,9057,14.0,44,63.5791,8.509829,63.5791,8.425543
203,9058,10.333333333333,28,63.5791,8.8466,63.49121,8.8466
204,9059,12.0,20,63.5791,9.853285,63.49121,9.853285
205,9060,10.066666666667,19,63.5791,9.853285,63.49121,9.936924
206,9061,10.333333333333,25,63.5791,9.853285,63.5791,9.936924
207,9062,21.333333333333,62,63.5791,10.354521,63.666992,10.354521
208,9074,10.266666666667,15,63.666992,8.425543,63.754883,8.425543
209,9075,13.0,38,63.666992,10.354521,63.40332,10.43792
210,9076,14.666666666666998,34,63.666992,10.354521,63.49121,10.271082
211,9077,29.666666666667,50,63.666992,10.354521,63.49121,10.354521
212,9078,19.333333333333,52,63.666992,10.354521,63.5791,10.271082
213,9079,60.333333333332995,139,63.666992,10.354521,63.5791,10.354521
214,9080,11.0,23,63.666992,10.354521,63.666992,10.020523
215,9081,59.466666666667,128,63.666992,10.354521,63.666992,10.271082
216,9082,24.0,54,63.666992,10.354521,63.754883,10.187601
217,9083,12.0,24,63.666992,10.354521,63.754883,10.271082
218,9084,22.333333333333,50,63.666992,10.354521,63.842773,10.271082
219,9085,12.0,26,63.666992,10.521278,63.666992,10.43792
220,9086,14.0,34,63.666992,10.521278,63.754883,10.521278
221,9136,18.666666666667,38,63.666992,8.9307,63.5791,8.9307
222,9138,15.666666666666998,24,63.666992,8.9307,63.5791,8.8466
223,9139,10.333333333333,16,63.666992,8.9307,63.666992,8.8466
224,9140,10.333333333333,26,63.666992,8.9307,63.666992,9.014763
225,9141,30.666666666667,65,63.666992,9.266724,63.5791,9.266724
226,9142,22.333333333333,39,63.666992,9.266724,63.666992,9.350634
227,9143,10.733333333333,17,63.666992,9.266724,63.666992,9.182774
228,9144,26.0,74,63.666992,9.350634,63.754883,9.350634
229,9146,13.866666666667,23,63.666992,9.769608,63.5791,9.769608
230,9147,11.0,12,63.666992,10.020523,63.5791,10.104082
231,9148,38.333333333333,80,63.666992,10.020523,63.754883,10.020523
232,9149,15.6,30,63.666992,10.020523,63.754883,10.104082
233,9150,15.666666666666998,42,63.666992,10.271082,63.666992,10.354521
234,9162,10.333333333333,22,63.666992,9.182774,63.754883,9.182774
235,9163,11.0,30,63.666992,9.434505,63.5791,9.434505
236,9164,13.0,42,63.666992,9.434505,63.754883,9.434505
237,9165,27.0,74,63.666992,9.434505,63.754883,9.350634
238,9167,15.666666666666998,56,63.666992,10.43792,63.5791,10.43792
239,9168,11.0,21,63.666992,10.43792,63.666992,10.521278
240,9178,34.333333333333,28,63.754883,8.594076,63.754883,8.678289
241,9179,15.666666666666998,49,63.754883,8.594076,63.842773,8.594076
242,9180,22.2,22,63.754883,9.434505,63.666992,9.434505
243,9181,58.866666666667,70,63.754883,9.434505,63.754883,9.350634
244,9182,10.666666666667,14,63.754883,9.602135,63.666992,9.769608
245,9183,15.666666666666998,31,63.754883,9.602135,63.666992,9.602135
246,9184,12.8,23,63.754883,9.602135,63.754883,9.518339
247,9185,34.333333333333,79,63.754883,9.602135,63.754883,9.68589
248,9187,35.333333333333,64,63.754883,9.602135,63.842773,9.602135
249,9188,17.666666666667,30,63.754883,9.602135,63.842773,9.68589
250,9190,11.0,28,63.754883,9.853285,63.754883,9.936924
251,9191,14.2,23,63.754883,9.853285,63.842773,9.853285
252,9221,31.666666666667,70,63.754883,9.350634,63.666992,9.350634
253,9222,24.0,62,63.754883,9.350634,63.666992,9.434505
254,9223,41.0,102,63.754883,9.350634,63.754883,9.434505
255,9224,10.333333333333,18,63.754883,9.350634,63.842773,9.434505
256,9225,21.333333333333,47,63.754883,9.350634,63.842773,9.350634
257,9226,12.0,29,63.754883,9.350634,64.106445,9.182774
258,9227,16.666666666667,51,63.754883,9.68589,63.754883,9.602135
259,9229,10.333333333333,32,63.754883,10.521278,63.666992,10.521278
260,9236,17.666666666667,47,63.754883,8.678289,63.49121,8.425543
261,9237,26.0,52,63.754883,8.678289,63.666992,8.678289
262,9238,37.333333333333,50,63.754883,8.678289,63.666992,8.762463
263,9240,57.533333333333,42,63.754883,8.678289,63.754883,8.594076
264,9241,42.0,101,63.754883,8.678289,63.754883,8.762463
265,9242,14.0,14,63.754883,8.678289,63.842773,8.594076
266,9243,11.0,32,63.754883,8.678289,63.842773,8.678289
267,9244,26.0,49,63.754883,8.762463,63.754883,8.678289
268,9246,13.0,36,63.754883,9.182774,63.666992,9.182774
269,9248,12.0,30,63.754883,10.020523,63.666992,10.020523
270,9250,13.866666666667,29,63.754883,10.187601,63.754883,10.104082
271,9251,17.666666666667,26,63.754883,10.187601,63.842773,10.104082
272,9269,10.333333333333,15,63.842773,8.594076,63.754883,8.594076
273,9305,15.666666666666998,35,63.842773,9.350634,63.754883,9.350634
274,9306,12.0,26,63.842773,9.350634,63.930664,9.350634
275,9307,10.333333333333,17,63.842773,9.602135,63.754883,9.602135
276,9326,15.666666666666998,30,63.842773,9.098787,63.754883,9.098787
277,9331,13.0,25,63.930664,8.678289,63.842773,8.678289
278,9332,23.333333333333,46,63.930664,8.678289,63.930664,8.594076
279,9376,22.333333333333,65,63.930664,9.602135,64.018555,9.602135
280,9378,14.133333333333,19,63.930664,9.68589,64.018555,9.68589
281,9379,14.666666666666998,39,63.930664,9.853285,63.930664,9.936924
282,9380,24.0,41,63.930664,9.936924,63.930664,9.853285
283,9381,18.666666666667,40,63.930664,9.936924,63.930664,10.020523
284,9382,14.0,20,63.930664,9.936924,64.018555,9.853285
285,9383,22.333333333333,42,63.930664,9.936924,64.018555,9.936924
286,9403,12.0,36,64.018555,9.098787,64.106445,9.098787
287,9404,20.333333333333,53,64.018555,9.098787,64.106445,9.182774
288,9405,22.333333333333,51,64.018555,12.427008,64.106445,12.427008
289,9423,23.333333333333,73,64.018555,8.425543,64.018555,8.509829
290,9424,14.666666666666998,35,64.018555,8.509829,63.930664,8.509829
291,9425,26.0,75,64.018555,8.509829,64.018555,8.425543
292,9426,39.333333333333,95,64.018555,8.509829,64.018555,8.594076
293,9427,12.0,27,64.018555,8.509829,64.106445,8.425543
294,9428,36.333333333333,85,64.018555,8.509829,64.106445,8.509829
295,9429,39.333333333333,48,64.018555,8.594076,64.018555,8.509829
296,9430,16.666666666667,36,64.018555,9.266724,63.930664,9.266724
297,9431,28.0,46,64.018555,9.266724,64.106445,9.182774
298,9432,13.0,21,64.018555,9.602135,63.930664,9.518339
299,9433,33.666666666667,60,64.018555,9.602135,63.930664,9.602135
300,9434,13.866666666667,21,64.018555,9.602135,64.018555,9.518339
301,9435,12.0,16,64.018555,9.602135,64.018555,9.68589
302,9436,10.8,19,64.018555,9.602135,64.106445,9.602135
303,9443,31.666666666667,76,64.018555,9.182774,64.106445,9.182774
304,9444,14.0,43,64.018555,9.936924,63.930664,9.936924
305,9445,22.333333333333,47,64.018555,9.936924,64.018555,10.020523
306,9446,10.333333333333,15,64.018555,9.936924,64.106445,10.020523
307,9454,94.2,185,64.106445,9.098787,64.106445,9.182774
308,9455,17.666666666667,51,64.106445,9.098787,64.194336,9.098787
309,9456,16.666666666667,34,64.106445,9.098787,64.194336,9.182774
310,9490,14.0,36,64.106445,8.509829,64.018555,8.509829
311,9491,13.0,22,64.106445,8.678289,64.018555,8.762463
312,9492,16.666666666667,26,64.106445,8.678289,64.018555,8.678289
313,9493,19.333333333333,40,64.106445,8.678289,64.106445,8.762463
314,9495,66.6,115,64.106445,9.266724,64.106445,9.182774
315,9496,14.0,32,64.106445,9.266724,64.194336,9.266724
316,9497,17.666666666667,41,64.106445,9.434505,64.106445,9.518339
317,9498,11.0,57,64.106445,10.354521,64.106445,10.271082
318,9501,15.666666666666998,38,64.106445,9.182774,63.754883,9.350634
319,9502,14.666666666666998,47,64.106445,9.182774,63.842773,9.350634
320,9503,27.0,59,64.106445,9.182774,63.930664,9.266724
321,9505,18.666666666667,35,64.106445,9.182774,63.930664,9.350634
322,9506,27.0,63,64.106445,9.182774,64.018555,9.098787
323,9507,12.0,20,64.106445,9.182774,64.018555,9.350634
324,9508,71.866666666667,147,64.106445,9.182774,64.018555,9.266724
325,9509,78.46666666666701,170,64.106445,9.182774,64.018555,9.182774
326,9510,194.73333333333,473,64.106445,9.182774,64.106445,9.098787
327,9511,10.333333333333,19,64.106445,9.182774,64.106445,9.350634
328,9512,15.666666666666998,50,64.106445,9.182774,64.106445,9.014763
329,9513,102.4,184,64.106445,9.182774,64.106445,9.266724
330,9514,16.666666666667,16,64.106445,9.182774,64.106445,9.518339
331,9516,85.4,234,64.106445,9.182774,64.194336,9.098787
332,9517,37.333333333333,100,64.106445,9.182774,64.194336,9.266724
333,9518,13.0,32,64.106445,9.182774,64.194336,9.350634
334,9519,33.666666666667,109,64.106445,9.182774,64.194336,9.014763
335,9520,175.66666666667,381,64.106445,9.182774,64.194336,9.182774
336,9522,28.0,71,64.106445,9.182774,64.28223,9.098787
337,9523,21.333333333333,56,64.106445,9.182774,64.28223,9.014763
338,9524,14.0,48,64.106445,9.182774,64.28223,9.182774
339,9526,16.666666666667,43,64.106445,9.182774,64.37012,9.014763
340,9528,15.666666666666998,36,64.106445,9.518339,64.018555,9.518339
341,9529,21.333333333333,42,64.106445,9.518339,64.106445,9.434505
342,9530,14.666666666666998,42,64.106445,12.427008,64.018555,12.427008
343,9550,22.333333333333,40,64.194336,8.425543,64.106445,8.425543
344,9551,13.0,35,64.194336,9.098787,64.106445,9.098787
345,9552,30.666666666667,64,64.194336,9.098787,64.106445,9.182774
346,9553,14.0,31,64.194336,9.098787,64.194336,9.014763
347,9554,11.0,19,64.194336,9.098787,64.194336,9.182774
348,9555,12.333333333333002,14,64.194336,9.098787,64.28223,9.098787
349,9558,11.0,16,64.194336,12.427008,64.018555,12.427008
350,9583,12.0,27,64.194336,9.266724,64.106445,9.266724
351,9584,19.333333333333,42,64.194336,9.266724,64.106445,9.182774
352,9585,10.8,31,64.194336,11.435509,64.106445,11.435509
353,9606,19.2,27,64.194336,9.014763,64.106445,9.014763
354,9607,14.666666666666998,32,64.194336,9.014763,64.106445,9.182774
355,9608,13.0,24,64.194336,9.014763,64.194336,8.9307
356,9610,41.0,92,64.194336,9.182774,64.106445,9.098787
357,9611,14.0,34,64.194336,9.182774,64.106445,9.266724
358,9612,182.4,380,64.194336,9.182774,64.106445,9.182774
359,9613,38.333333333333,81,64.194336,9.182774,64.194336,9.098787
360,9614,11.0,16,64.194336,9.182774,64.28223,9.098787
361,9615,11.0,28,64.194336,9.936924,64.194336,9.853285
362,9616,14.666666666666998,28,64.194336,9.936924,64.28223,9.853285
363,9626,13.0,18,64.28223,9.602135,64.194336,9.602135
364,9627,15.6,21,64.28223,9.602135,64.194336,9.518339
365,9628,17.666666666667,32,64.28223,9.602135,64.28223,9.518339
366,9629,22.333333333333,32,64.28223,9.602135,64.28223,9.68589
367,9630,19.333333333333,24,64.28223,9.602135,64.37012,9.602135
368,9651,16.666666666667,58,64.28223,9.350634,64.37012,9.350634
369,9661,11.0,37,64.28223,9.014763,64.106445,9.182774
370,9662,18.666666666667,39,64.28223,9.014763,64.28223,9.098787
371,9663,23.333333333333,37,64.28223,9.014763,64.37012,9.014763
372,9666,10.333333333333,27,64.28223,9.182774,64.37012,9.182774
373,9690,22.333333333333,30,64.37012,9.350634,64.28223,9.350634
374,9691,13.4,17,64.37012,9.350634,64.37012,9.434505
375,9711,12.0,34,64.37012,8.594076,64.45801,8.594076
376,9734,13.0,23,64.37012,8.509829,64.28223,8.509829
377,9735,12.0,21,64.37012,8.509829,64.37012,8.425543
378,9736,11.0,32,64.37012,9.014763,64.28223,9.014763
379,9761,18.666666666667,27,64.45801,8.594076,64.37012,8.594076
380,9762,15.666666666666998,59,64.45801,8.594076,64.37012,8.509829
381,9763,22.333333333333,32,64.45801,8.594076,64.45801,8.678289
382,9764,12.0,21,64.45801,8.594076,64.5459,8.594076
383,9765,13.0,30,64.45801,8.594076,64.72168,8.509829
384,9766,12.0,20,64.45801,8.9307,64.37012,9.014763
385,9767,19.333333333333,46,64.45801,8.9307,64.45801,9.014763
386,9768,12.0,23,64.45801,8.9307,64.5459,9.014763
387,9769,34.333333333333,73,64.45801,8.9307,64.5459,8.9307
388,9770,21.333333333333,45,64.45801,9.434505,64.37012,9.434505
389,9771,16.666666666667,40,64.45801,9.434505,64.45801,9.518339
390,9811,11.0,14,64.5459,8.678289,64.45801,8.678289
391,9842,12.0,29,64.5459,8.425543,64.5459,8.341221
392,9844,15.666666666666998,30,64.5459,8.762463,64.5459,8.8466
393,9845,33.666666666667,62,64.5459,8.9307,64.45801,8.9307
394,9846,11.0,35,64.5459,8.9307,64.5459,9.014763
395,9854,13.0,20,64.5459,9.182774,64.45801,9.182774
396,9864,20.0,26,64.63379,9.098787,64.63379,9.014763
397,9865,10.2,14,64.63379,9.098787,64.72168,9.014763
398,9866,14.0,26,64.63379,9.098787,64.72168,9.098787
399,9902,30.666666666667,69,64.63379,8.509829,64.72168,8.509829
400,9903,12.0,30,64.63379,8.509829,64.72168,8.594076
401,9906,14.0,58,64.63379,8.9307,64.72168,8.9307
402,9907,20.333333333333,63,64.63379,9.014763,64.72168,9.014763
403,9908,13.066666666666999,15,64.63379,9.518339,64.5459,9.518339
404,9909,10.0,10,64.63379,9.518339,64.5459,9.602135
405,9948,18.666666666667,41,64.63379,8.594076,64.72168,8.509829
406,9949,14.0,37,64.63379,8.594076,64.72168,8.594076
407,9979,39.333333333333,80,64.72168,8.9307,64.63379,8.9307
408,9980,19.333333333333,39,64.72168,8.9307,64.63379,9.014763
409,9981,26.0,33,64.72168,8.9307,64.72168,8.8466
410,9982,52.066666666667004,101,64.72168,8.9307,64.72168,9.014763
411,9983,25.0,45,64.72168,8.9307,64.72168,9.098787
412,10020,12.466666666666999,18,64.72168,8.8466,64.63379,8.8466
413,10021,14.666666666666998,38,64.72168,8.8466,64.72168,8.9307
414,10022,28.666666666667,85,64.72168,9.014763,64.63379,9.014763
415,10023,28.0,77,64.72168,9.014763,64.72168,8.9307
416,10024,17.666666666667,52,64.72168,9.014763,64.72168,9.098787
417,10025,10.733333333333,13,64.72168,9.098787,64.63379,9.014763
418,10026,17.666666666667,42,64.72168,9.098787,64.72168,9.014763
419,10027,10.866666666667,21,64.72168,9.098787,64.72168,9.182774
420,10028,73.333333333333,89,64.72168,9.434505,64.72168,9.350634
421,10029,10.333333333333,35,64.72168,9.518339,64.80957,9.350634
422,10030,35.333333333333,113,64.72168,9.518339,64.80957,9.434505
423,10043,10.333333333333,26,64.72168,8.509829,64.37012,8.509829
424,10044,28.0,64,64.72168,8.509829,64.45801,8.594076
425,10045,19.333333333333,64,64.72168,8.509829,64.5459,8.594076
426,10047,16.666666666667,46,64.72168,8.509829,64.5459,8.341221
427,10048,11.0,37,64.72168,8.509829,64.5459,8.425543
428,10049,18.666666666667,45,64.72168,8.509829,64.63379,8.425543
429,10051,61.466666666667,184,64.72168,8.509829,64.63379,8.509829
430,10052,37.333333333333,109,64.72168,8.509829,64.63379,8.594076
431,10053,11.0,42,64.72168,8.509829,64.72168,8.762463
432,10054,16.666666666667,48,64.72168,8.509829,64.72168,8.425543
433,10055,317.33333333332996,743,64.72168,8.509829,64.72168,8.594076
434,10056,32.666666666667,114,64.72168,8.509829,64.72168,8.678289
435,10057,24.0,79,64.72168,8.509829,64.80957,8.425543
436,10058,13.0,51,64.72168,8.509829,64.89746,8.341221
437,10059,13.0,37,64.72168,8.594076,64.5459,8.594076
438,10060,25.0,75,64.72168,8.594076,64.63379,8.509829
439,10061,45.0,65,64.72168,8.594076,64.63379,8.594076
440,10062,332.93333333333,651,64.72168,8.594076,64.72168,8.509829
441,10063,53.466666666667,106,64.72168,8.594076,64.72168,8.678289
442,10064,19.333333333333,33,64.72168,8.678289,64.72168,8.762463
443,10065,11.0,30,64.72168,8.678289,64.72168,8.509829
444,10066,20.333333333333,51,64.72168,8.678289,64.72168,8.594076
445,10067,12.0,30,64.72168,9.350634,64.63379,9.350634
446,10068,10.333333333333,25,64.72168,9.350634,64.72168,9.266724
447,10069,45.0,91,64.72168,9.350634,64.72168,9.434505
448,10086,38.333333333333,112,64.80957,8.594076,64.80957,8.509829
449,10087,16.666666666667,60,64.80957,8.594076,64.89746,8.594076
450,10088,14.0,43,64.80957,8.594076,64.98535,8.678289
451,10089,16.666666666667,38,64.80957,9.266724,64.80957,9.350634
452,10090,14.666666666666998,35,64.80957,9.266724,64.80957,9.434505
453,10175,75.0,88,64.80957,8.509829,64.80957,8.594076
454,10176,16.666666666667,38,64.80957,9.350634,64.80957,9.266724
455,10177,280.33333333332996,636,64.80957,9.350634,64.80957,9.434505
456,10179,13.0,25,64.80957,9.434505,64.63379,9.602135
457,10180,22.333333333333,50,64.80957,9.434505,64.72168,9.518339
458,10181,35.333333333333,77,64.80957,9.434505,64.80957,9.266724
459,10182,335.06666666667,788,64.80957,9.434505,64.80957,9.350634
460,10183,30.666666666667,58,64.80957,9.434505,64.80957,9.182774
461,10367,10.333333333333,30,64.89746,9.434505,64.80957,9.434505
462,10369,11.0,60,64.89746,11.601189,64.98535,11.601189
463,10401,12.0,34,64.98535,10.93746,65.07324,10.93746
464,10462,21.333333333333,73,64.98535,8.678289,64.80957,8.594076
465,10463,17.666666666667,52,64.98535,8.678289,64.89746,8.678289
466,10465,15.666666666666998,40,64.98535,8.678289,65.07324,8.678289
467,10471,10.333333333333,43,64.98535,11.601189,64.89746,11.601189
468,10598,11.0,32,65.07324,10.93746,64.98535,10.93746
469,10600,22.333333333333,55,65.07324,10.93746,65.16113,10.93746
470,10666,14.0,52,65.16113,11.269661,65.16113,11.352606
471,10689,10.333333333333,40,65.16113,9.68589,65.16113,9.602135
472,10690,18.666666666667,72,65.16113,11.352606,65.16113,11.269661
473,10691,25.0,86,65.16113,11.352606,65.24902,11.352606
474,10724,11.0,40,65.16113,10.93746,65.07324,10.93746
475,10757,13.0,37,65.24902,10.854305,65.24902,10.771111
476,10759,13.0,50,65.24902,11.020573,65.16113,11.020573
477,10760,19.333333333333,54,65.24902,11.020573,65.24902,11.103643
478,10840,21.333333333333,36,65.24902,9.434505,65.16113,9.434505
479,10841,12.0,46,65.24902,11.103643,65.24902,11.020573
480,10842,10.333333333333,28,65.24902,11.103643,65.24902,11.186672
481,10844,19.333333333333,49,65.24902,11.352606,65.16113,11.352606
482,10845,21.333333333333,91,65.24902,11.352606,65.336914,11.352606
483,10846,11.0,44,65.24902,11.435509,65.24902,11.352606
484,10863,11.0,38,65.24902,10.771111,65.336914,10.771111
485,10864,25.0,88,65.24902,10.93746,65.336914,10.93746
486,10865,12.0,29,65.24902,12.591646,65.24902,12.673901
487,10866,10.333333333333,40,65.24902,12.591646,65.336914,12.591646
488,10867,11.0,47,65.24902,12.673901,65.24902,12.591646
489,10879,16.666666666667,72,65.336914,11.352606,65.24902,11.352606
490,10880,20.333333333333,77,65.336914,11.352606,65.424805,11.352606
491,10913,11.0,27,65.336914,10.521278,65.424805,10.521278
492,10914,21.333333333333,81,65.336914,10.687874,65.336914,10.771111
493,10915,11.0,40,65.336914,10.687874,65.424805,10.687874
494,10916,17.666666666667,58,65.336914,10.771111,65.24902,10.771111
495,10917,14.0,40,65.336914,10.771111,65.336914,10.687874
496,10918,18.666666666667,68,65.336914,10.771111,65.336914,10.854305
497,10919,10.333333333333,54,65.336914,10.771111,65.424805,10.687874
498,10920,24.0,94,65.336914,10.771111,65.68848,10.687874
499,10922,10.333333333333,35,65.336914,10.854305,65.24902,10.854305
500,10923,22.333333333333,67,65.336914,10.854305,65.24902,10.93746
501,10924,16.666666666667,71,65.336914,10.854305,65.336914,10.771111
502,10925,75.733333333333,246,65.336914,10.854305,65.336914,10.93746
503,10926,23.333333333333,81,65.336914,10.854305,65.424805,10.854305
504,10927,16.666666666667,46,65.336914,10.854305,65.68848,10.687874
505,10928,13.0,58,65.336914,11.186672,65.24902,11.186672
506,10932,19.333333333333,75,65.336914,11.932035,65.424805,11.932035
507,10933,12.0,43,65.336914,12.591646,65.24902,12.591646
508,10934,12.0,41,65.336914,12.591646,65.336914,12.50935
509,10935,22.333333333333,70,65.336914,12.756109,65.336914,12.673901
510,10962,28.666666666667,91,65.336914,10.93746,65.24902,10.93746
511,10963,69.46666666666701,213,65.336914,10.93746,65.336914,10.854305
512,10966,11.0,45,65.336914,10.93746,65.424805,10.854305
513,10967,20.333333333333,57,65.336914,10.93746,65.68848,10.687874
514,10970,12.0,37,65.336914,12.0972,65.424805,12.014641
515,10971,36.333333333333,120,65.336914,12.0972,65.424805,12.0972
516,10987,13.0,29,65.424805,10.521278,65.336914,10.521278
517,10988,10.333333333333,34,65.424805,10.521278,65.424805,10.43792
518,10989,21.333333333333,43,65.424805,10.521278,65.512695,10.521278
519,10990,15.666666666666998,46,65.424805,10.93746,65.512695,10.93746
520,10992,28.0,112,65.424805,11.352606,65.336914,11.352606
521,10994,45.0,130,65.424805,11.352606,65.424805,11.269661
522,10995,14.666666666666998,54,65.424805,11.352606,65.424805,11.435509
523,10996,28.666666666667,99,65.424805,11.352606,65.512695,11.352606
524,10997,15.666666666666998,54,65.424805,11.352606,65.512695,11.269661
525,10998,15.666666666666998,43,65.424805,11.352606,65.68848,10.687874
526,10999,31.666666666667,104,65.424805,11.932035,65.336914,11.932035
527,11000,22.333333333333,81,65.424805,11.932035,65.424805,11.849388
528,11002,28.0,78,65.424805,11.932035,65.512695,11.932035
529,11004,12.0,23,65.424805,11.932035,65.77637,11.766699
530,11066,17.666666666667,57,65.424805,10.687874,65.68848,10.687874
531,11067,37.333333333333,173,65.424805,10.854305,65.336914,10.854305
532,11068,19.333333333333,89,65.424805,10.854305,65.336914,10.93746
533,11070,14.0,46,65.424805,11.020573,65.424805,10.93746
534,11071,39.333333333333,129,65.424805,11.020573,65.512695,11.020573
535,11073,44.0,138,65.424805,11.269661,65.424805,11.352606
536,11074,12.0,47,65.424805,11.269661,65.424805,11.186672
537,11075,11.0,69,65.424805,11.269661,65.512695,11.352606
538,11076,26.0,99,65.424805,11.269661,65.512695,11.269661
539,11077,17.666666666667,74,65.424805,11.435509,65.424805,11.352606
540,11078,27.0,86,65.424805,11.849388,65.424805,11.932035
541,11079,14.0,62,65.424805,11.849388,65.512695,11.849388
542,11080,52.933333333332996,162,65.424805,12.0972,65.336914,12.0972
543,11081,34.333333333333,140,65.424805,12.0972,65.424805,12.014641
544,11083,12.0,42,65.424805,12.262192,65.424805,12.179718
545,11084,12.0,43,65.424805,12.50935,65.336914,12.50935
546,11085,11.0,29,65.424805,12.50935,65.424805,12.591646
547,11086,27.0,84,65.424805,12.50935,65.424805,12.427008
548,11088,12.0,32,65.424805,12.756109,65.512695,12.673901
549,11128,10.333333333333,22,65.424805,11.186672,65.424805,11.269661
550,11131,10.333333333333,25,65.424805,12.179718,65.424805,12.262192
551,11133,18.666666666667,53,65.424805,12.179718,65.512695,12.179718
552,11134,35.333333333333,79,65.424805,12.427008,65.424805,12.50935
553,11135,15.666666666666998,63,65.424805,12.427008,65.512695,12.427008
554,11165,15.666666666666998,65,65.512695,12.0972,65.512695,12.014641
555,11166,14.0,49,65.512695,12.0972,65.600586,12.0972
556,11168,18.666666666667,69,65.512695,12.262192,65.512695,12.179718
557,11169,11.0,37,65.512695,12.262192,65.600586,12.262192
558,11170,11.0,33,65.512695,12.427008,65.424805,12.427008
559,11171,14.0,41,65.512695,12.427008,65.600586,12.427008
560,11193,10.333333333333,30,65.512695,10.604597,65.600586,10.604597
561,11194,12.0,51,65.512695,10.687874,65.424805,10.687874
562,11195,23.333333333333,86,65.512695,10.687874,65.512695,10.771111
563,11197,31.666666666667,100,65.512695,10.687874,65.600586,10.687874
564,11198,53.066666666667004,175,65.512695,10.687874,65.68848,10.687874
565,11200,15.666666666666998,49,65.512695,10.771111,65.512695,10.687874
566,11202,19.333333333333,62,65.512695,10.93746,65.424805,10.93746
567,11203,11.0,43,65.512695,10.93746,65.512695,11.020573
568,11204,14.666666666666998,62,65.512695,10.93746,65.600586,10.93746
569,11206,14.666666666666998,45,65.512695,11.103643,65.512695,11.020573
570,11207,14.0,39,65.512695,11.103643,65.600586,11.103643
571,11208,38.333333333333,108,65.512695,11.352606,65.424805,11.352606
572,11209,13.0,45,65.512695,11.766699,65.512695,11.849388
573,11211,15.666666666666998,76,65.512695,11.849388,65.512695,11.766699
574,11212,13.0,31,65.512695,11.849388,65.512695,11.932035
575,11213,34.333333333333,109,65.512695,11.849388,65.600586,11.849388
576,11215,29.666666666667,104,65.512695,11.932035,65.424805,11.932035
577,11216,14.0,47,65.512695,11.932035,65.512695,11.849388
578,11217,12.0,43,65.512695,11.932035,65.512695,12.014641
579,11218,25.0,106,65.512695,11.932035,65.600586,11.932035
580,11220,15.666666666666998,38,65.512695,11.932035,65.77637,11.766699
581,11221,10.333333333333,44,65.512695,12.014641,65.512695,12.0972
582,11222,10.333333333333,38,65.512695,12.014641,65.512695,11.932035
583,11223,12.0,52,65.512695,12.014641,65.600586,12.014641
584,11245,17.666666666667,65,65.512695,10.521278,65.424805,10.521278
585,11246,10.333333333333,40,65.512695,10.854305,65.512695,10.771111
586,11247,15.666666666666998,53,65.512695,11.020573,65.424805,10.93746
587,11249,53.866666666667,163,65.512695,11.020573,65.424805,11.020573
588,11250,16.666666666667,43,65.512695,11.020573,65.512695,10.93746
589,11251,17.666666666667,73,65.512695,11.020573,65.512695,11.103643
590,11252,27.0,82,65.512695,11.020573,65.600586,11.020573
591,11254,18.666666666667,48,65.512695,11.020573,65.68848,10.687874
592,11255,15.666666666666998,41,65.512695,11.269661,65.424805,11.352606
593,11256,17.666666666667,66,65.512695,11.269661,65.424805,11.269661
594,11258,12.0,47,65.512695,11.269661,65.512695,11.352606
595,11259,13.0,38,65.512695,11.435509,65.424805,11.435509
596,11260,10.333333333333,34,65.512695,11.435509,65.512695,11.352606
597,11261,16.666666666667,57,65.512695,12.179718,65.424805,12.179718
598,11262,15.666666666666998,55,65.512695,12.179718,65.512695,12.262192
599,11263,10.333333333333,36,65.512695,12.673901,65.600586,12.591646
600,11264,11.0,53,65.512695,12.673901,65.600586,12.673901
601,11277,14.666666666666998,37,65.600586,10.521278,65.512695,10.521278
602,11278,17.666666666667,56,65.600586,10.521278,65.600586,10.43792
603,11279,17.666666666667,49,65.600586,10.521278,65.68848,10.687874
604,11280,28.0,102,65.600586,10.521278,65.68848,10.521278
605,11281,10.333333333333,21,65.600586,10.521278,65.86426,10.354521
606,11282,13.0,39,65.600586,10.687874,65.424805,10.687874
607,11283,10.333333333333,46,65.600586,10.687874,65.512695,10.604597
608,11284,113.33333333333,385,65.600586,10.687874,65.512695,10.687874
609,11285,28.666666666667,95,65.600586,10.687874,65.512695,10.771111
610,11286,54.466666666667,182,65.600586,10.687874,65.600586,10.604597
611,11287,17.666666666667,65,65.600586,10.687874,65.600586,10.771111
612,11288,165.53333333333,540,65.600586,10.687874,65.68848,10.687874
613,11289,13.0,40,65.600586,10.687874,65.68848,10.771111
614,11290,10.333333333333,39,65.600586,10.687874,65.68848,10.604597
615,11291,32.666666666667,104,65.600586,11.186672,65.600586,11.103643
616,11292,20.333333333333,63,65.600586,11.186672,65.68848,11.186672
617,11293,17.666666666667,51,65.600586,11.186672,65.68848,11.103643
618,11294,19.333333333333,68,65.600586,11.601189,65.600586,11.683966
619,11295,28.0,98,65.600586,11.601189,65.68848,11.601189
620,11296,15.666666666666998,61,65.600586,11.683966,65.512695,11.683966
621,11297,23.333333333333,88,65.600586,11.683966,65.600586,11.601189
622,11341,17.666666666667,64,65.600586,10.604597,65.600586,10.687874
623,11342,45.0,149,65.600586,10.604597,65.68848,10.687874
624,11344,14.0,46,65.600586,10.771111,65.600586,10.854305
625,11345,36.333333333333,94,65.600586,10.771111,65.68848,10.687874
626,11346,35.333333333333,113,65.600586,10.771111,65.68848,10.771111
627,11348,10.333333333333,25,65.600586,10.854305,65.600586,10.771111
628,11349,11.0,41,65.600586,10.854305,65.68848,10.687874
629,11350,14.666666666666998,52,65.600586,10.854305,65.68848,10.854305
630,11352,28.666666666667,99,65.600586,10.93746,65.512695,10.93746
631,11353,11.0,32,65.600586,10.93746,65.512695,11.020573
632,11354,80.133333333333,261,65.600586,10.93746,65.600586,11.020573
633,11355,28.666666666667,68,65.600586,10.93746,65.68848,10.687874
634,11357,11.0,29,65.600586,11.020573,65.512695,10.93746
635,11358,10.333333333333,51,65.600586,11.020573,65.512695,11.103643
636,11359,67.733333333333,218,65.600586,11.020573,65.512695,11.020573
637,11361,80.266666666667,261,65.600586,11.020573,65.600586,10.93746
638,11362,67.666666666667,225,65.600586,11.020573,65.600586,11.103643
639,11363,32.666666666667,83,65.600586,11.020573,65.68848,10.687874
640,11364,19.333333333333,57,65.600586,11.103643,65.512695,11.103643
641,11365,39.333333333333,134,65.600586,11.103643,65.600586,11.186672
642,11366,54.533333333333,145,65.600586,11.103643,65.600586,11.020573
643,11367,18.666666666667,59,65.600586,11.103643,65.68848,10.687874
644,11368,19.333333333333,76,65.600586,11.103643,65.68848,11.186672
645,11370,36.333333333333,111,65.600586,11.103643,65.68848,11.103643
646,11371,39.666666666667,152,65.600586,11.932035,65.512695,11.932035
647,11372,13.0,38,65.600586,11.932035,65.600586,12.014641
648,11373,16.666666666667,56,65.600586,11.932035,65.68848,11.932035
649,11374,11.0,56,65.600586,12.014641,65.512695,12.0972
650,11375,16.666666666667,59,65.600586,12.014641,65.512695,11.932035
651,11376,33.666666666667,128,65.600586,12.014641,65.512695,12.014641
652,11377,75.066666666667,257,65.600586,12.014641,65.600586,11.932035
653,11378,62.133333333333,217,65.600586,12.014641,65.600586,12.0972
654,11379,102.66666666667,360,65.600586,12.014641,65.68848,11.932035
655,11380,14.0,55,65.600586,12.014641,65.68848,11.849388
656,11381,98.866666666667,324,65.600586,12.014641,65.68848,12.014641
657,11383,11.0,35,65.600586,12.014641,65.77637,11.932035
658,11384,10.333333333333,38,65.600586,12.014641,65.77637,11.766699
659,11398,15.666666666666998,58,65.600586,10.43792,65.600586,10.521278
660,11399,21.333333333333,62,65.600586,11.766699,65.600586,11.849388
661,11400,14.666666666666998,42,65.600586,11.766699,65.68848,11.766699
662,11401,13.0,41,65.600586,11.849388,65.512695,11.766699
663,11402,39.333333333333,150,65.600586,11.849388,65.512695,11.849388
664,11403,12.0,42,65.600586,11.849388,65.512695,11.932035
665,11404,16.666666666667,66,65.600586,11.849388,65.600586,11.932035
666,11405,39.666666666667,137,65.600586,11.849388,65.600586,11.766699
667,11406,11.0,30,65.600586,11.849388,65.68848,11.766699
668,11407,32.666666666667,109,65.600586,11.849388,65.68848,11.849388
669,11408,14.0,39,65.600586,11.849388,65.77637,11.849388
670,11409,19.333333333333,65,65.600586,11.849388,65.77637,11.766699
671,11410,14.0,43,65.600586,12.0972,65.512695,12.0972
672,11411,39.666666666667,134,65.600586,12.0972,65.600586,12.014641
673,11412,20.333333333333,70,65.600586,12.0972,65.68848,12.0972
674,11414,14.0,45,65.600586,12.427008,65.512695,12.427008
675,11416,10.2,34,65.600586,12.427008,65.68848,12.427008
676,11417,16.666666666667,56,65.600586,12.427008,65.68848,12.344622
677,11425,10.333333333333,36,65.68848,10.187601,65.68848,10.271082
678,11426,11.0,29,65.68848,10.187601,65.77637,10.104082
679,11427,14.666666666666998,41,65.68848,10.187601,65.86426,10.354521
680,11428,10.333333333333,24,65.68848,10.687874,65.16113,11.352606
681,11429,10.333333333333,33,65.68848,10.687874,65.24902,10.854305
682,11430,14.666666666666998,36,65.68848,10.687874,65.24902,11.020573
683,11431,10.333333333333,18,65.68848,10.687874,65.24902,11.352606
684,11432,10.333333333333,31,65.68848,10.687874,65.24902,10.93746
685,11433,31.666666666667,81,65.68848,10.687874,65.336914,10.771111
686,11434,23.333333333333,60,65.68848,10.687874,65.336914,10.854305
687,11435,17.666666666667,41,65.68848,10.687874,65.336914,10.93746
688,11436,10.333333333333,21,65.68848,10.687874,65.424805,10.521278
689,11437,12.0,28,65.68848,10.687874,65.424805,10.771111
690,11438,16.666666666667,34,65.68848,10.687874,65.424805,10.93746
691,11439,21.333333333333,42,65.68848,10.687874,65.424805,11.352606
692,11440,32.666666666667,85,65.68848,10.687874,65.424805,10.687874
693,11441,15.666666666666998,49,65.68848,10.687874,65.424805,10.854305
694,11442,10.333333333333,28,65.68848,10.687874,65.424805,11.020573
695,11443,20.333333333333,63,65.68848,10.687874,65.512695,10.604597
696,11444,89.46666666666701,279,65.68848,10.687874,65.512695,10.687874
697,11445,19.333333333333,66,65.68848,10.687874,65.512695,10.771111
698,11446,15.666666666666998,34,65.68848,10.687874,65.512695,10.93746
699,11447,11.0,14,65.68848,10.687874,65.512695,10.521278
700,11448,14.0,51,65.68848,10.687874,65.512695,10.854305
701,11449,31.666666666667,79,65.68848,10.687874,65.512695,11.020573
702,11450,23.333333333333,57,65.68848,10.687874,65.600586,10.521278
703,11451,217.8,638,65.68848,10.687874,65.600586,10.687874
704,11453,159.0,422,65.68848,10.687874,65.600586,10.604597
705,11454,106.13333333333,321,65.68848,10.687874,65.600586,10.771111
706,11455,22.333333333333,84,65.68848,10.687874,65.600586,10.854305
707,11456,50.933333333332996,133,65.68848,10.687874,65.600586,10.93746
708,11457,52.533333333333,98,65.68848,10.687874,65.600586,11.020573
709,11458,28.666666666667,67,65.68848,10.687874,65.600586,11.103643
710,11459,18.666666666667,61,65.68848,10.687874,65.68848,11.186672
711,11460,312.46666666667005,922,65.68848,10.687874,65.68848,10.771111
712,11461,46.0,123,65.68848,10.687874,65.68848,10.854305
713,11462,20.333333333333,33,65.68848,10.687874,65.68848,11.103643
714,11463,33.666666666667,96,65.68848,10.687874,65.68848,10.521278
715,11464,202.66666666667,585,65.68848,10.687874,65.68848,10.604597
716,11465,13.0,27,65.68848,10.687874,65.68848,11.269661
717,11466,10.333333333333,29,65.68848,10.687874,65.77637,10.43792
718,11467,26.0,70,65.68848,10.687874,65.77637,10.604597
719,11468,118.86666666667,332,65.68848,10.687874,65.77637,10.687874
720,11470,10.333333333333,27,65.68848,10.687874,65.86426,12.0972
721,11471,34.333333333333,94,65.68848,10.687874,65.86426,10.354521
722,11472,21.333333333333,66,65.68848,11.186672,65.600586,11.186672
723,11473,14.666666666666998,53,65.68848,11.186672,65.600586,11.103643
724,11474,11.0,29,65.68848,11.186672,65.68848,10.687874
725,11475,23.333333333333,104,65.68848,11.186672,65.68848,11.103643
726,11476,31.666666666667,106,65.68848,11.186672,65.68848,11.269661
727,11479,11.0,34,65.68848,11.352606,65.68848,11.269661
728,11480,21.333333333333,92,65.68848,11.352606,65.77637,11.352606
729,11481,24.0,85,65.68848,11.352606,65.77637,11.435509
730,11483,15.666666666666998,52,65.68848,11.683966,65.600586,11.601189
731,11484,52.26666666666701,163,65.68848,11.683966,65.68848,11.601189
732,11485,21.333333333333,70,65.68848,11.683966,65.68848,11.766699
733,11486,11.0,36,65.68848,11.683966,65.77637,11.683966
734,11487,18.666666666667,46,65.68848,11.683966,65.77637,11.766699
735,11488,27.0,97,65.68848,11.932035,65.600586,11.932035
736,11489,29.666666666667,89,65.68848,11.932035,65.600586,12.014641
737,11490,51.4,144,65.68848,11.932035,65.68848,11.849388
738,11491,33.666666666667,105,65.68848,11.932035,65.68848,12.014641
739,11492,13.0,43,65.68848,11.932035,65.77637,11.849388
740,11493,14.0,42,65.68848,11.932035,65.77637,11.766699
741,11494,12.0,41,65.68848,12.0972,65.600586,12.0972
742,11495,19.333333333333,76,65.68848,12.0972,65.68848,12.179718
743,11496,11.0,40,65.68848,12.756109,65.68848,12.673901
744,11497,12.0,37,65.68848,12.756109,65.77637,12.673901
745,11524,46.0,196,65.68848,10.771111,65.600586,10.771111
746,11526,218.0,682,65.68848,10.771111,65.68848,10.687874
747,11527,79.53333333333299,279,65.68848,10.771111,65.68848,10.854305
748,11528,10.333333333333,41,65.68848,10.771111,65.77637,10.687874
749,11529,12.0,53,65.68848,10.854305,65.600586,10.771111
750,11530,30.666666666667,104,65.68848,10.854305,65.600586,10.854305
751,11531,25.0,89,65.68848,10.854305,65.600586,10.93746
752,11532,61.533333333333,177,65.68848,10.854305,65.68848,10.687874
753,11533,100.0,280,65.68848,10.854305,65.68848,10.771111
754,11535,23.333333333333,68,65.68848,11.103643,65.600586,11.103643
755,11536,10.333333333333,19,65.68848,11.103643,65.68848,10.687874
756,11538,22.333333333333,66,65.68848,11.103643,65.68848,11.186672
757,11539,36.333333333333,119,65.68848,11.601189,65.600586,11.601189
758,11540,45.0,139,65.68848,11.601189,65.68848,11.683966
759,11541,13.0,52,65.68848,11.601189,65.68848,11.51837
760,11542,20.333333333333,84,65.68848,11.601189,65.77637,11.601189
761,11543,14.666666666666998,39,65.68848,11.601189,65.77637,11.766699
762,11544,14.0,57,65.68848,11.766699,65.600586,11.766699
763,11545,19.333333333333,66,65.68848,11.766699,65.68848,11.683966
764,11547,15.666666666666998,46,65.68848,11.766699,65.68848,11.849388
765,11548,16.666666666667,42,65.68848,11.766699,65.77637,11.849388
766,11549,34.333333333333,110,65.68848,11.766699,65.77637,11.766699
767,11550,16.666666666667,43,65.68848,12.591646,65.68848,12.673901
768,11551,11.0,48,65.68848,12.673901,65.600586,12.673901
769,11552,15.666666666666998,63,65.68848,12.673901,65.68848,12.591646
770,11553,30.666666666667,107,65.68848,12.673901,65.77637,12.673901
771,11599,12.0,37,65.68848,10.271082,65.68848,10.187601
772,11600,14.0,39,65.68848,10.43792,65.68848,10.521278
773,11601,19.333333333333,51,65.68848,10.43792,65.77637,10.43792
774,11602,32.666666666667,93,65.68848,10.521278,65.600586,10.521278
775,11603,33.666666666667,80,65.68848,10.521278,65.68848,10.687874
776,11604,20.333333333333,74,65.68848,10.521278,65.68848,10.43792
777,11605,14.666666666666998,52,65.68848,10.521278,65.68848,10.604597
778,11606,11.0,25,65.68848,10.521278,65.77637,10.43792
779,11607,14.0,46,65.68848,10.521278,65.86426,10.354521
780,11608,10.333333333333,37,65.68848,10.604597,65.600586,10.604597
781,11609,104.13333333333,279,65.68848,10.604597,65.68848,10.687874
782,11610,11.0,30,65.68848,10.604597,65.68848,10.521278
783,11611,14.0,46,65.68848,10.604597,65.77637,10.604597
784,11612,14.0,49,65.68848,10.604597,65.77637,10.687874
785,11615,13.0,31,65.68848,11.269661,65.68848,10.687874
786,11616,46.0,145,65.68848,11.269661,65.68848,11.186672
787,11617,33.666666666667,113,65.68848,11.269661,65.77637,11.269661
788,11619,13.0,54,65.68848,11.849388,65.600586,11.932035
789,11620,52.866666666667,177,65.68848,11.849388,65.600586,11.849388
790,11621,37.333333333333,129,65.68848,11.849388,65.68848,11.932035
791,11622,34.333333333333,118,65.68848,11.849388,65.68848,11.766699
792,11623,68.4,211,65.68848,11.849388,65.77637,11.849388
793,11625,44.0,148,65.68848,11.849388,65.77637,11.766699
794,11626,28.0,112,65.68848,12.014641,65.600586,12.014641
795,11628,28.666666666667,104,65.68848,12.014641,65.68848,11.932035
796,11629,17.666666666667,63,65.68848,12.014641,65.77637,12.014641
797,11630,14.666666666666998,45,65.68848,12.179718,65.68848,12.0972
798,11631,12.0,45,65.68848,12.344622,65.600586,12.427008
799,11632,25.0,84,65.68848,12.344622,65.77637,12.344622
800,11661,22.333333333333,68,65.77637,10.43792,65.68848,10.43792
801,11662,16.666666666667,38,65.77637,10.43792,65.77637,10.521278
802,11663,13.0,41,65.77637,10.43792,65.77637,10.354521
803,11664,11.0,44,65.77637,10.43792,65.86426,10.43792
804,11665,25.0,68,65.77637,10.43792,65.86426,10.354521
805,11666,18.666666666667,55,65.77637,10.521278,65.77637,10.43792
806,11667,16.666666666667,39,65.77637,10.604597,65.68848,10.687874
807,11668,16.666666666667,71,65.77637,10.604597,65.77637,10.687874
808,11670,13.0,47,65.77637,11.601189,65.68848,11.601189
809,11671,14.666666666666998,52,65.77637,11.601189,65.77637,11.435509
810,11673,22.333333333333,82,65.77637,11.601189,65.77637,11.51837
811,11674,31.666666666667,115,65.77637,11.601189,65.77637,11.683966
812,11675,16.666666666667,61,65.77637,11.601189,65.77637,11.766699
813,11676,16.666666666667,63,65.77637,11.849388,65.512695,11.849388
814,11677,16.666666666667,40,65.77637,11.849388,65.512695,11.932035
815,11678,12.0,32,65.77637,11.849388,65.600586,11.932035
816,11679,14.0,53,65.77637,11.849388,65.600586,11.766699
817,11680,29.666666666667,103,65.77637,11.849388,65.600586,11.849388
818,11681,11.0,16,65.77637,11.849388,65.68848,10.687874
819,11682,16.666666666667,62,65.77637,11.849388,65.68848,11.683966
820,11683,23.333333333333,68,65.77637,11.849388,65.68848,11.932035
821,11685,75.066666666667,245,65.77637,11.849388,65.68848,11.766699
822,11686,143.86666666667,445,65.77637,11.849388,65.68848,11.849388
823,11687,11.0,33,65.77637,11.849388,65.77637,11.601189
824,11688,141.33333333333,475,65.77637,11.849388,65.77637,11.932035
825,11689,29.666666666667,94,65.77637,11.849388,65.77637,11.683966
826,11690,730.4666666666701,2126,65.77637,11.849388,65.77637,11.766699
827,11691,19.333333333333,58,65.77637,11.849388,65.86426,12.014641
828,11692,188.26666666667,608,65.77637,11.849388,65.86426,11.766699
829,11693,19.333333333333,50,65.77637,11.849388,65.86426,12.0972
830,11694,292.53333333332995,931,65.77637,11.849388,65.86426,11.849388
831,11695,127.33333333333,400,65.77637,11.849388,65.86426,11.932035
832,11696,41.0,141,65.77637,11.932035,65.77637,11.849388
833,11697,14.0,40,65.77637,11.932035,65.77637,11.766699
834,11698,14.0,52,65.77637,11.932035,65.86426,12.014641
835,11699,75.133333333333,260,65.77637,11.932035,65.86426,11.932035
836,11700,30.666666666667,124,65.77637,12.014641,65.68848,12.014641
837,11701,14.0,44,65.77637,12.014641,65.86426,12.014641
838,11703,14.666666666666998,54,65.77637,12.0972,65.600586,12.179718
839,11704,42.0,150,65.77637,12.0972,65.68848,12.0972
840,11705,36.333333333333,124,65.77637,12.0972,65.68848,12.179718
841,11706,14.666666666666998,62,65.77637,12.0972,65.86426,12.0972
842,11777,28.666666666667,82,65.77637,10.354521,65.86426,10.354521
843,11778,59.8,172,65.77637,10.687874,65.68848,10.687874
844,11779,13.0,47,65.77637,10.687874,65.68848,10.604597
845,11780,16.666666666667,40,65.77637,10.687874,65.77637,10.604597
846,11782,10.333333333333,37,65.77637,11.269661,65.68848,11.186672
847,11783,30.666666666667,96,65.77637,11.269661,65.68848,11.269661
848,11784,18.666666666667,76,65.77637,11.269661,65.77637,11.352606
849,11785,58.533333333333,178,65.77637,11.352606,65.68848,11.352606
850,11786,14.0,39,65.77637,11.352606,65.68848,11.269661
851,11787,27.0,86,65.77637,11.352606,65.77637,11.269661
852,11788,111.66666666667,325,65.77637,11.352606,65.77637,11.435509
853,11789,11.0,38,65.77637,11.352606,65.77637,11.51837
854,11790,13.0,31,65.77637,11.352606,65.77637,11.766699
855,11791,50.933333333332996,159,65.77637,11.435509,65.68848,11.352606
856,11792,13.0,44,65.77637,11.435509,65.68848,11.51837
857,11793,10.333333333333,42,65.77637,11.435509,65.68848,11.269661
858,11794,22.333333333333,65,65.77637,11.435509,65.68848,11.435509
859,11795,58.6,178,65.77637,11.435509,65.77637,11.601189
860,11796,14.666666666666998,43,65.77637,11.435509,65.77637,11.849388
861,11797,73.866666666667,222,65.77637,11.435509,65.77637,11.352606
862,11798,111.2,357,65.77637,11.435509,65.77637,11.51837
863,11799,26.0,53,65.77637,11.435509,65.77637,11.766699
864,11800,17.666666666667,64,65.77637,11.51837,65.77637,11.601189
865,11801,37.333333333333,110,65.77637,11.51837,65.77637,11.435509
866,11802,17.666666666667,62,65.77637,11.683966,65.68848,11.683966
867,11803,36.333333333333,135,65.77637,11.683966,65.77637,11.601189
868,11804,14.0,38,65.77637,11.683966,65.77637,11.849388
869,11805,76.2,189,65.77637,11.683966,65.77637,11.766699
870,11807,11.0,32,65.77637,11.766699,65.424805,11.932035
871,11809,16.666666666667,49,65.77637,11.766699,65.512695,11.849388
872,11810,22.333333333333,51,65.77637,11.766699,65.512695,11.932035
873,11811,14.0,35,65.77637,11.766699,65.600586,11.601189
874,11812,12.0,34,65.77637,11.766699,65.600586,11.932035
875,11813,12.0,45,65.77637,11.766699,65.600586,12.014641
876,11814,17.666666666667,54,65.77637,11.766699,65.600586,11.766699
877,11815,37.333333333333,105,65.77637,11.766699,65.600586,11.849388
878,11817,57.6,172,65.77637,11.766699,65.68848,11.683966
879,11818,24.0,59,65.77637,11.766699,65.68848,11.932035
880,11819,19.333333333333,45,65.77637,11.766699,65.68848,11.601189
881,11820,100.06666666667,302,65.77637,11.766699,65.68848,11.766699
882,11821,117.46666666667,358,65.77637,11.766699,65.68848,11.849388
883,11822,37.333333333333,107,65.77637,11.766699,65.77637,11.601189
884,11823,790.4666666666701,2345,65.77637,11.766699,65.77637,11.849388
885,11824,32.666666666667,88,65.77637,11.766699,65.77637,11.932035
886,11825,18.666666666667,47,65.77637,11.766699,65.77637,11.435509
887,11826,13.0,41,65.77637,11.766699,65.77637,11.51837
888,11827,185.66666666667,552,65.77637,11.766699,65.77637,11.683966
889,11828,14.666666666666998,54,65.77637,11.766699,65.86426,12.014641
890,11829,397.46666666667,1179,65.77637,11.766699,65.86426,11.766699
891,11830,22.333333333333,55,65.77637,11.766699,65.86426,12.0972
892,11831,82.066666666667,232,65.77637,11.766699,65.86426,11.849388
893,11832,29.666666666667,78,65.77637,11.766699,65.86426,11.932035
894,11833,31.666666666667,114,65.77637,12.344622,65.68848,12.344622
895,11834,21.333333333333,56,65.77637,12.344622,65.77637,12.427008
896,11835,43.0,153,65.77637,12.344622,65.77637,12.262192
897,11836,30.666666666667,114,65.77637,12.344622,65.86426,12.344622
898,11837,20.333333333333,87,65.77637,12.427008,65.77637,12.344622
899,11838,31.666666666667,79,65.77637,12.591646,65.77637,12.673901
900,11839,12.0,37,65.77637,12.591646,65.77637,12.50935
901,11840,27.0,46,65.77637,12.591646,65.86426,12.591646
902,11841,50.73333333333299,151,65.77637,12.673901,65.68848,12.673901
903,11842,32.666666666667,113,65.77637,12.673901,65.77637,12.591646
904,11844,16.666666666667,51,65.77637,12.673901,65.86426,12.673901
905,11845,100.46666666667,291,65.77637,12.756109,65.77637,12.673901
906,11846,14.0,44,65.77637,12.756109,65.86426,12.673901
907,11873,29.666666666667,112,65.77637,12.262192,65.77637,12.344622
908,11874,14.666666666666998,50,65.77637,12.262192,65.86426,12.262192
909,11875,11.0,35,65.77637,12.50935,65.68848,12.591646
910,11876,16.666666666667,57,65.77637,12.50935,65.77637,12.427008
911,11877,17.666666666667,51,65.77637,12.50935,65.77637,12.591646
912,11878,10.333333333333,36,65.77637,12.50935,65.86426,12.591646
913,11896,12.0,43,65.86426,10.43792,65.77637,10.43792
914,11897,51.8,140,65.86426,10.43792,65.86426,10.354521
915,11898,14.0,43,65.86426,10.43792,65.86426,10.521278
916,11899,15.666666666666998,50,65.86426,12.014641,65.77637,11.849388
917,11900,14.0,45,65.86426,12.014641,65.77637,11.932035
918,11901,50.533333333333,173,65.86426,12.014641,65.77637,12.014641
919,11902,35.333333333333,131,65.86426,12.014641,65.77637,12.0972
920,11903,14.0,41,65.86426,12.014641,65.77637,11.766699
921,11904,53.6,164,65.86426,12.014641,65.86426,12.0972
922,11905,30.666666666667,116,65.86426,12.014641,65.86426,11.932035
923,11906,23.333333333333,71,65.86426,12.591646,65.77637,12.591646
924,11907,59.0,183,65.86426,12.591646,65.86426,12.50935
925,11908,62.8,212,65.86426,12.591646,65.86426,12.673901
926,11934,36.333333333333,111,65.86426,10.271082,65.86426,10.354521
927,11935,58.6,176,65.86426,11.766699,65.77637,11.849388
928,11936,11.0,41,65.86426,11.766699,65.77637,11.683966
929,11937,115.73333333333,350,65.86426,11.766699,65.77637,11.766699
930,11939,24.0,66,65.86426,11.766699,65.86426,11.849388
931,11941,22.333333333333,54,65.86426,12.0972,65.77637,11.849388
932,11942,37.333333333333,104,65.86426,12.0972,65.77637,12.0972
933,11943,26.0,57,65.86426,12.0972,65.77637,11.766699
934,11944,73.133333333333,232,65.86426,12.0972,65.86426,12.014641
935,11945,21.333333333333,74,65.86426,12.0972,65.86426,12.179718
936,11946,14.0,49,65.86426,12.179718,65.77637,12.0972
937,11947,11.0,31,65.86426,12.179718,65.77637,12.179718
938,11948,22.333333333333,79,65.86426,12.179718,65.77637,12.262192
939,11949,41.0,146,65.86426,12.179718,65.86426,12.0972
940,11950,19.333333333333,72,65.86426,12.179718,65.86426,12.262192
941,11951,19.333333333333,65,65.86426,12.262192,65.77637,12.262192
942,11952,11.0,40,65.86426,12.262192,65.86426,12.179718
943,11953,14.666666666666998,46,65.86426,12.262192,65.86426,12.344622
944,11954,58.533333333333,182,65.86426,12.344622,65.77637,12.344622
945,11955,15.666666666666998,55,65.86426,12.344622,65.77637,12.427008
946,11956,16.666666666667,79,65.86426,12.344622,65.86426,12.262192
947,11957,13.0,48,65.86426,12.50935,65.77637,12.591646
948,11958,145.13333333333,449,65.86426,12.50935,65.86426,12.591646
949,11960,27.0,81,65.86426,12.50935,65.86426,12.427008
950,11968,10.333333333333,26,65.86426,10.354521,65.600586,10.521278
951,11969,12.0,33,65.86426,10.354521,65.68848,10.187601
952,11970,42.0,93,65.86426,10.354521,65.68848,10.687874
953,11971,12.0,31,65.86426,10.354521,65.68848,10.43792
954,11972,22.333333333333,57,65.86426,10.354521,65.68848,10.521278
955,11974,41.0,117,65.86426,10.354521,65.77637,10.43792
956,11975,42.0,143,65.86426,10.354521,65.77637,10.354521
957,11977,80.8,202,65.86426,10.354521,65.86426,10.43792
958,11978,64.733333333333,167,65.86426,10.354521,65.86426,10.271082
959,11979,12.0,32,65.86426,10.521278,65.86426,10.43792
960,11980,55.666666666667005,180,65.86426,11.849388,65.77637,11.849388
961,11981,28.0,94,65.86426,11.849388,65.77637,11.766699
962,11982,63.666666666667005,205,65.86426,11.849388,65.86426,11.766699
963,11983,17.666666666667,59,65.86426,11.849388,65.86426,11.932035
964,11985,19.333333333333,61,65.86426,11.932035,65.77637,11.849388
965,11986,17.666666666667,67,65.86426,11.932035,65.77637,11.932035
966,11987,14.0,31,65.86426,11.932035,65.77637,11.766699
967,11988,22.333333333333,54,65.86426,11.932035,65.86426,12.014641
968,11989,12.0,51,65.86426,11.932035,65.86426,11.849388
969,11991,10.333333333333,47,65.86426,12.427008,65.86426,12.344622
970,11992,19.333333333333,68,65.86426,12.427008,65.86426,12.50935
971,11993,14.0,50,65.86426,12.673901,65.77637,12.591646
972,11994,26.0,112,65.86426,12.673901,65.77637,12.673901
973,11995,73.435498993725,223,65.86426,12.673901,65.86426,12.591646
974,11996,15.666666666666998,44,65.86426,12.756109,65.86426,12.673901
